{
  "ipe_id": "IPE_07",
  "execution_start": "2025-10-17T10:34:01.012549",
  "execution_end": "2025-10-17T10:34:01.012624",
  "evidence_directory": "evidence/IPE_07/20251017_103352_883",
  "actions_log": [
    {
      "timestamp": "2025-10-17T10:34:01.012549",
      "action": "VALIDATION_SAVED",
      "details": "Validation results saved"
    }
  ],
  "files_generated": [
    "execution_metadata.json",
    "06_validation_results.json"
  ],
  "package_integrity": "cde86be53dea0826df22d1c06ea5f0017f2537cd6469fbf79e904ee3f1dff2da"
}